id_client;name;phone
1;Ловзанский Феоктист Фомевич;7(7800)227-72-32
2;Яшуков Капитон Архипович;7(676)046-56-35
3;Кривоухов Эрнст Адрианович;7(13)135-92-59
4;Каширин Емельян Никитевич;7(823)568-93-66
5;Рябков Елисей Эдуардович;7(600)638-84-26
6;Савин Севастьян Севастьянович;7(515)653-47-70
7;Шадрин Семён Изяславович;7(48)758-11-92
8;Амелин Антип Онуфриевич;7(651)041-69-32
9;Блантер Лавр Леонович;7(9704)858-24-00
10;Шемякин Пимен Валерьянович;7(9219)560-71-11
11;Русинов Данил Мечиславович;7(706)767-81-36
12;Гершкович Федор Тарасович;7(180)992-11-16
13;Достовалов Карп Демьянович;7(763)742-54-95
14;Янишевский Эмиль Владиславович;7(53)676-38-54
15;Парамонов Остап Филиппович;7(43)554-11-28
16;Элефтеров Владилен Куприянович;7(169)143-76-81
17;Пенкин Никанор Дмитриевич;7(5839)838-27-18
18;Чегодаев Платон Платонович;7(59)778-94-73
19;Ярославцев Феофан Евгениевич;7(163)444-03-79
20;Якурин Владислав Эрнстович;7(62)899-72-56
21;Шагидзянов Семен Касьянович;7(343)815-42-17
22;Гребенников Фадей Епифанович;7(62)662-66-99
23;Тарасов Ростислав Никонович;7(894)192-73-60
24;Михайлов Радион Левович;7(511)427-49-09
25;Бабыкин Артем Эмилевич;7(622)127-01-15
26;Пелёвин Степан Ефремович;7(17)541-09-22
27;Цейдлерин Тарас Ипполитович;7(7461)610-34-35
28;Эскин Ярослав Кондратиевич;7(536)519-79-02
29;Куимов Станислав Самуилович;7(12)441-19-73
30;Другаков Тимур Чеславович;7(444)873-43-60
31;Переверзев Онисим Никанорович;7(12)810-04-13
32;Карапетян Андриян Панкратиевич;7(5886)692-14-68
33;Антипин Юлиан Тихонович;7(428)897-01-79
34;Луньков Кир Ермолаевич;7(707)453-23-00
35;Завражнов Агап Якубович;7(0215)983-27-10
36;Киселев Борис Матвеевич;7(8186)241-02-55
37;Дятлов Евсей Гордеевич;7(7878)719-20-91
38;Ишутин Изяслав Яковович;7(195)643-40-46
39;Пелевин Всеслав Святославович;7(567)138-01-69
40;Шевцов Варфоломей Кириллович;7(8818)320-28-28
41;Экель Александра Измаиловна;7(63)106-67-37
42;Комарова Ева Агафоновна;7(7699)871-79-05
43;Шишмарёва Юлия Савелиевна;7(35)184-34-75
44;Рящина Инна Геннадиевна;7(722)603-47-33
45;Нечаева Лиана Макаровна;7(11)912-44-60
46;Мальцева Кристина Тихоновна;7(7830)169-89-13
47;Осминина Мария Вячеславовна;7(260)930-15-30
48;Канаша Василиса Михаиловна;7(650)509-44-08
49;Кая Евдокия Гаврииловна;7(673)961-23-11
50;Григолюка Рената Остаповна;7(52)165-72-08
51;Молодыха Елизавета Владиленовна;7(695)358-82-62
52;Слобожанина Кира Марковна;7(5907)196-72-08
53;Онегина Яна Федотовна;7(5616)624-12-76
54;Великая Пелагея Елизаровна;7(69)973-87-11
55;Торопова Зинаида Кондратьевна;7(0773)614-22-08
56;Шаньгина Вера Евдокимовна;7(2205)777-65-64
57;Артемьева Маргарита Емельяновна;7(5297)049-33-55
58;Зиновьева Мирослава Василиевна;7(8786)197-70-44
59;Яшнова Вероника Владленовна;7(0934)968-68-81
60;Лагранская Ульяна Леонидовна;7(2437)251-92-39
61;Хомколова Дарья Давидовна;7(1935)350-84-94
62;Абрамович Инесса Харитоновна;7(53)613-15-14
63;Локтева Римма Андрияновна;7(6678)680-61-62
64;Смышляева Алла Зиновьевна;7(233)278-81-95
65;Махова Анастасия Карповна;7(36)405-17-29
66;Голодяева Тамара Богдановна;7(9886)494-62-73
67;Гришко Оксана Карловна;7(513)189-45-68
68;Трунина Ника Ильевна;7(293)904-78-17
69;Цыганова Любава Ивановна;7(020)037-65-13
70;Мухаметова Эмма Арсентиевна;7(920)991-19-46
71;Мазурина Екатерина Владиславовна;7(5173)472-77-57
72;Новицкая Ираида Валентиновна;7(23)362-39-38
73;Шибалова Эмилия Капитоновна;7(2902)719-88-31
74;Шульц Ариадна Филимоновна;7(040)989-11-65
75;Шаронова Янина Денисовна;7(9972)658-78-24
76;Токмакова Зоя Тарасовна;7(1385)259-34-81
77;Саблина Полина Ираклиевна;7(020)005-82-45
78;Низовцова Роза Никитевна;7(2264)660-51-57
79;Флёрова Алина Артуровна;7(4123)645-70-57
80;Кулдошина Алиса Рубеновна;7(400)921-67-83
81;Менщикова Валентина Фомевна;7(886)638-76-19
82;Седегова Рада Леонидовна;7(54)608-25-83
83;Мажова Марфа Эдуардовна;7(866)447-83-64
84;Еськина Диана Потаповна;7(2840)607-25-78
85;Зинченко Ирина Ярославовна;7(511)463-12-85
